ID,Marque,Nom du produit,Categorie,Prix de vente,Tailles,Lien Fournisseur,Vendeur ou Batch,Prix Achat Usine,Marge Nette
veste-arcteryx-beta-lt,Arc'teryx,Arc'teryx Beta LT Jacket,vestes,160,S / M / L / XL,,,,
accessoire-arcteryx-beanie,Arc'teryx,Bonnet Arc'teryx,accessoires,32,Taille unique,,,,
accessoire-arcteryx-mantis,Arc'teryx,Sacoche Arc'teryx Mantis,accessoires,40,Taille unique,,,,
veste-arcteryx-atom-lt,Arc'teryx,Arc'teryx Atom LT Hoody,vestes,220,S / M / L / XL,,,,
veste-arcteryx-zeta-sl,Arc'teryx,Arc'teryx Zeta SL Jacket,vestes,280,S / M / L / XL,,,,
sweat-arcteryx-covert-cardigan,Arc'teryx,Arc'teryx Covert Cardigan,sweats,130,XS / S / M / L / XL,,,,
sweat-arcteryx-proton-hoody,Arc'teryx,Arc'teryx Proton Hoody,sweats,145,XS / S / M / L / XL,,,,
pantalon-arcteryx-gamma,Arc'teryx,Arc'teryx Gamma Pant,pantalons,140,28 / 30 / 32 / 34 / 36,,,,
pantalon-arcteryx-palisade,Arc'teryx,Arc'teryx Palisade Pant,pantalons,120,28 / 30 / 32 / 34 / 36,,,,
veste-arcteryx-cerium-vest,Arc'teryx,Arc'teryx Cerium Down Vest,vestes,195,S / M / L / XL,,,,
accessoire-arcteryx-konseal-cap,Arc'teryx,Arc'teryx Konseal Cap,accessoires,42,Taille unique,,,,
accessoire-arcteryx-granville-tote,Arc'teryx,Arc'teryx Granville Tote,accessoires,55,Taille unique,,,,
accessoire-arcteryx-rho-beanie,Arc'teryx,Arc'teryx Rho LTW Beanie,accessoires,35,Taille unique,,,,
pantalon-corteiz-cargo,Corteiz,Corteiz Cargo Guerillaz,pantalons,75,28 / 30 / 32 / 34 / 36,,,,
sweat-corteiz-hoodie,Corteiz,Corteiz Hoodie,sweats,80,XS / S / M / L / XL,,,,
pantalon-corteiz-4starz,Corteiz,Corteiz 4Starz Cargo,pantalons,85,28 / 30 / 32 / 34 / 36,,,,
pantalon-corteiz-bolo-short,Corteiz,Corteiz Bolo Short,pantalons,65,28 / 30 / 32 / 34 / 36,,,,
veste-corteiz-colombia,Corteiz,Corteiz Colombia Jacket,vestes,175,S / M / L / XL,,,,
sweat-corteiz-alcatraz-zip,Corteiz,Corteiz Alcatraz Zip-Up,sweats,95,XS / S / M / L / XL,,,,
sweat-corteiz-4starz-track,Corteiz,Corteiz 4Starz Tracksuit Top,sweats,100,XS / S / M / L / XL,,,,
sweat-corteiz-rules-crewneck,Corteiz,Corteiz Rules The World Crewneck,sweats,85,XS / S / M / L / XL,,,,
pantalon-corteiz-allstarz,Corteiz,Corteiz Allstarz Cargo,pantalons,80,28 / 30 / 32 / 34 / 36,,,,
accessoire-corteiz-bucket,Corteiz,Corteiz Bucket Hat,accessoires,35,Taille unique,,,,
accessoire-corteiz-beanie,Corteiz,Corteiz Beanie,accessoires,30,Taille unique,,,,
accessoire-corteiz-crossbody,Corteiz,Corteiz Crossbody Bag,accessoires,45,Taille unique,,,,
veste-north-face-nuptse,The North Face,The North Face Nuptse 1996,vestes,135,S / M / L / XL,,,,
veste-tnf-denali,The North Face,TNF Denali Fleece Jacket,vestes,150,S / M / L / XL,,,,
veste-tnf-mountain-light,The North Face,TNF Mountain Light Gore-Tex Jacket,vestes,290,S / M / L / XL,,,,
veste-tnf-nuptse-vest,The North Face,TNF 1996 Retro Nuptse Vest,vestes,120,S / M / L / XL,,,,
pantalon-tnf-steep-tech,The North Face,TNF Steep Tech Cargo Pant,pantalons,95,28 / 30 / 32 / 34 / 36,,,,
sweat-tnf-fleece-hoodie,The North Face,TNF Fleece Hoodie,sweats,90,XS / S / M / L / XL,,,,
sweat-tnf-box-crewneck,The North Face,TNF Box Logo Crewneck,sweats,82,XS / S / M / L / XL,,,,
accessoire-tnf-duffel,The North Face,TNF Base Camp Duffel Bag,accessoires,60,Taille unique,,,,
accessoire-tnf-norm-hat,The North Face,TNF Norm Hat,accessoires,32,Taille unique,,,,
accessoire-tnf-beanie,The North Face,TNF Beanie,accessoires,28,Taille unique,,,,
accessoire-tnf-half-dome-cap,The North Face,TNF Half Dome Cap,accessoires,34,Taille unique,,,,
sweat-sp5der-hoodie,Sp5der,Sp5der Hoodie,sweats,95,XS / S / M / L / XL,,,,
sweat-sp5der-555,Sp5der,Sp5der 555 Hoodie,sweats,110,XS / S / M / L / XL,,,,
sweat-sp5der-beluga,Sp5der,Sp5der Beluga Hoodie,sweats,115,XS / S / M / L / XL,,,,
sweat-sp5der-web-zip,Sp5der,Sp5der Web Zip-Up,sweats,105,XS / S / M / L / XL,,,,
sweat-sp5der-pink,Sp5der,Sp5der Pink Hoodie,sweats,120,XS / S / M / L / XL,,,,
pantalon-sp5der-og-web,Sp5der,Sp5der OG Web Sweatpant,pantalons,85,28 / 30 / 32 / 34 / 36,,,,
pantalon-sp5der-racer,Sp5der,Sp5der Racer Sweatpant,pantalons,90,28 / 30 / 32 / 34 / 36,,,,
veste-sp5der-web,Sp5der,Sp5der Web Jacket,vestes,160,S / M / L / XL,,,,
veste-sp5der-bomber,Sp5der,Sp5der Bomber Jacket,vestes,175,S / M / L / XL,,,,
accessoire-sp5der-beanie,Sp5der,Sp5der Beanie,accessoires,38,Taille unique,,,,
accessoire-sp5der-web-cap,Sp5der,Sp5der Web Cap,accessoires,42,Taille unique,,,,
veste-carhartt-detroit,Carhartt WIP,Carhartt WIP Detroit Jacket,vestes,110,S / M / L / XL,,,,
pantalon-carhartt-double-knee,Carhartt WIP,Carhartt WIP Double Knee Pant,pantalons,75,28 / 30 / 32 / 34 / 36,,,,
veste-carhartt-michigan,Carhartt WIP,Carhartt WIP Michigan Coat,vestes,165,S / M / L / XL,,,,
veste-carhartt-og-chore,Carhartt WIP,Carhartt WIP OG Chore Coat,vestes,140,S / M / L / XL,,,,
veste-carhartt-active,Carhartt WIP,Carhartt WIP Active Jacket,vestes,155,S / M / L / XL,,,,
veste-carhartt-nimbus,Carhartt WIP,Carhartt WIP Nimbus Parka,vestes,220,S / M / L / XL,,,,
pantalon-carhartt-newel,Carhartt WIP,Carhartt WIP Newel Pant,pantalons,90,28 / 30 / 32 / 34 / 36,,,,
pantalon-carhartt-payton,Carhartt WIP,Carhartt WIP Payton Pant,pantalons,85,28 / 30 / 32 / 34 / 36,,,,
sweat-carhartt-script,Carhartt WIP,Carhartt WIP Script Logo Crewneck,sweats,78,XS / S / M / L / XL,,,,
sweat-carhartt-hooded-chase,Carhartt WIP,Carhartt WIP Hooded Chase Sweat,sweats,88,XS / S / M / L / XL,,,,
accessoire-carhartt-watch-beanie,Carhartt WIP,Carhartt WIP Watch Beanie,accessoires,28,Taille unique,,,,
accessoire-carhartt-canvas-tote,Carhartt WIP,Carhartt WIP Canvas Tote,accessoires,38,Taille unique,,,,
sweat-supreme-box-logo,Supreme,Supreme Box Logo Hoodie,sweats,92,XS / S / M / L / XL,,,,
sweat-supreme-small-box,Supreme,Supreme Small Box Crewneck,sweats,88,XS / S / M / L / XL,,,,
sweat-supreme-bandana,Supreme,Supreme Bandana Box Hoodie,sweats,105,XS / S / M / L / XL,,,,
veste-supreme-denim-trucker,Supreme,Supreme Denim Trucker Jacket,vestes,175,S / M / L / XL,,,,
veste-supreme-work,Supreme,Supreme Work Jacket,vestes,160,S / M / L / XL,,,,
pantalon-supreme-ripstop-cargo,Supreme,Supreme Ripstop Cargo Pant,pantalons,95,28 / 30 / 32 / 34 / 36,,,,
pantalon-supreme-cargo-short,Supreme,Supreme Cargo Short,pantalons,70,28 / 30 / 32 / 34 / 36,,,,
accessoire-supreme-beanie,Supreme,Supreme Beanie,accessoires,35,Taille unique,,,,
accessoire-supreme-camp-cap,Supreme,Supreme Camp Cap,accessoires,40,Taille unique,,,,
accessoire-supreme-new-era,Supreme,Supreme New Era Fitted Cap,accessoires,48,Taille unique,,,,
accessoire-supreme-shoulder-bag,Supreme,Supreme Shoulder Bag,accessoires,55,Taille unique,,,,
sweat-trapstar-irongate,Trapstar,Trapstar Irongate Hoodie,sweats,90,XS / S / M / L / XL,,,,
sweat-trapstar-decoded,Trapstar,Trapstar Decoded Hoodie,sweats,100,XS / S / M / L / XL,,,,
sweat-trapstar-chenille-track,Trapstar,Trapstar Chenille Tracksuit Top,sweats,115,XS / S / M / L / XL,,,,
veste-trapstar-hyperdrive,Trapstar,Trapstar Hyperdrive Puffer,vestes,210,S / M / L / XL,,,,
veste-trapstar-irongate-jacket,Trapstar,Trapstar Irongate Jacket,vestes,190,S / M / L / XL,,,,
veste-trapstar-bomber,Trapstar,Trapstar Bomber Jacket,vestes,165,S / M / L / XL,,,,
pantalon-trapstar-cargo,Trapstar,Trapstar Cargo Pant,pantalons,85,28 / 30 / 32 / 34 / 36,,,,
pantalon-trapstar-track,Trapstar,Trapstar Track Pant,pantalons,80,28 / 30 / 32 / 34 / 36,,,,
accessoire-trapstar-chenille-cap,Trapstar,Trapstar Chenille Cap,accessoires,42,Taille unique,,,,
accessoire-trapstar-beanie,Trapstar,Trapstar Beanie,accessoires,32,Taille unique,,,,
accessoire-trapstar-crossbody,Trapstar,Trapstar Crossbody Bag,accessoires,48,Taille unique,,,,
sweat-stussy-8-ball,Stüssy,Stüssy 8-Ball Hoodie,sweats,85,XS / S / M / L / XL,,,,
sweat-stussy-stock-logo,Stüssy,Stüssy Stock Logo Hoodie,sweats,90,XS / S / M / L / XL,,,,
sweat-stussy-world-tour,Stüssy,Stüssy World Tour Crewneck,sweats,82,XS / S / M / L / XL,,,,
veste-stussy-work,Stüssy,Stüssy Work Jacket,vestes,145,S / M / L / XL,,,,
veste-stussy-coach,Stüssy,Stüssy Coach Jacket,vestes,130,S / M / L / XL,,,,
pantalon-stussy-wide-leg,Stüssy,Stüssy Wide Leg Jean,pantalons,95,28 / 30 / 32 / 34 / 36,,,,
pantalon-stussy-sport,Stüssy,Stüssy Sport Pant,pantalons,80,28 / 30 / 32 / 34 / 36,,,,
accessoire-stussy-bucket,Stüssy,Stüssy Bucket Hat,accessoires,34,Taille unique,,,,
accessoire-stussy-beanie,Stüssy,Stüssy Beanie,accessoires,30,Taille unique,,,,
accessoire-stussy-cap,Stüssy,Stüssy Cap,accessoires,36,Taille unique,,,,
accessoire-stussy-tote,Stüssy,Stüssy Tote Bag,accessoires,40,Taille unique,,,,
sneaker-jordan-1-high-og,Jordan,Air Jordan 1 Retro High OG,sneakers,135,39 / 40 / 41 / 42 / 43 / 44 / 45,,,,
sneaker-jordan-1-low,Jordan,Air Jordan 1 Low,sneakers,115,39 / 40 / 41 / 42 / 43 / 44 / 45,,,,
sneaker-jordan-1-mid,Jordan,Air Jordan 1 Mid,sneakers,120,39 / 40 / 41 / 42 / 43 / 44 / 45,,,,
sneaker-jordan-4-retro,Jordan,Air Jordan 4 Retro,sneakers,130,39 / 40 / 41 / 42 / 43 / 44 / 45,,,,
sneaker-jordan-3-retro,Jordan,Air Jordan 3 Retro,sneakers,125,39 / 40 / 41 / 42 / 43 / 44 / 45,,,,
sneaker-jordan-11-retro,Jordan,Air Jordan 11 Retro,sneakers,135,39 / 40 / 41 / 42 / 43 / 44 / 45,,,,
sneaker-jordan-5-retro,Jordan,Air Jordan 5 Retro,sneakers,120,39 / 40 / 41 / 42 / 43 / 44 / 45,,,,
sneaker-jordan-6-retro,Jordan,Air Jordan 6 Retro,sneakers,125,39 / 40 / 41 / 42 / 43 / 44 / 45,,,,
sneaker-jordan-12-retro,Jordan,Air Jordan 12 Retro,sneakers,130,39 / 40 / 41 / 42 / 43 / 44 / 45,,,,
sneaker-jordan-1-chicago,Jordan,Air Jordan 1 High Chicago,sneakers,135,39 / 40 / 41 / 42 / 43 / 44 / 45,,,,
sneaker-nb-550,New Balance,New Balance 550,sneakers,105,39 / 40 / 41 / 42 / 43 / 44 / 45,,,,
sneaker-nb-990v6,New Balance,New Balance 990v6,sneakers,125,39 / 40 / 41 / 42 / 43 / 44 / 45,,,,
sneaker-nb-2002r,New Balance,New Balance 2002R,sneakers,115,39 / 40 / 41 / 42 / 43 / 44 / 45,,,,
sneaker-nb-9060,New Balance,New Balance 9060,sneakers,120,39 / 40 / 41 / 42 / 43 / 44 / 45,,,,
sneaker-nb-574,New Balance,New Balance 574,sneakers,95,39 / 40 / 41 / 42 / 43 / 44 / 45,,,,
sneaker-nb-1906r,New Balance,New Balance 1906R,sneakers,115,39 / 40 / 41 / 42 / 43 / 44 / 45,,,,
sneaker-nb-530,New Balance,New Balance 530,sneakers,100,39 / 40 / 41 / 42 / 43 / 44 / 45,,,,
sneaker-nb-991,New Balance,New Balance 991,sneakers,120,39 / 40 / 41 / 42 / 43 / 44 / 45,,,,
sneaker-nb-993,New Balance,New Balance 993,sneakers,125,39 / 40 / 41 / 42 / 43 / 44 / 45,,,,
sneaker-nb-327,New Balance,New Balance 327,sneakers,105,39 / 40 / 41 / 42 / 43 / 44 / 45,,,,
sneaker-asics-gel-kayano-14,Asics,Asics Gel-Kayano 14,sneakers,115,39 / 40 / 41 / 42 / 43 / 44 / 45,,,,
sneaker-asics-gel-1130,Asics,Asics Gel-1130,sneakers,105,39 / 40 / 41 / 42 / 43 / 44 / 45,,,,
sneaker-asics-gel-nyc,Asics,Asics Gel-NYC,sneakers,120,39 / 40 / 41 / 42 / 43 / 44 / 45,,,,
sneaker-asics-gel-lyte-3,Asics,Asics Gel-Lyte III,sneakers,110,39 / 40 / 41 / 42 / 43 / 44 / 45,,,,
sneaker-asics-gel-kayano-20,Asics,Asics Gel-Kayano 20,sneakers,125,39 / 40 / 41 / 42 / 43 / 44 / 45,,,,
sneaker-asics-gel-quantum-180,Asics,Asics Gel-Quantum 180,sneakers,115,39 / 40 / 41 / 42 / 43 / 44 / 45,,,,
sneaker-asics-gel-1090,Asics,Asics Gel-1090,sneakers,100,39 / 40 / 41 / 42 / 43 / 44 / 45,,,,
sneaker-asics-gel-sonoma,Asics,Asics Gel-Sonoma 15-50,sneakers,105,39 / 40 / 41 / 42 / 43 / 44 / 45,,,,
sneaker-asics-gel-kahana-8,Asics,Asics Gel-Kahana 8,sneakers,95,39 / 40 / 41 / 42 / 43 / 44 / 45,,,,
sneaker-asics-gel-terrain,Asics,Asics Gel-Terrain,sneakers,110,39 / 40 / 41 / 42 / 43 / 44 / 45,,,,
sneaker-on-cloudmonster,On Running,On Cloudmonster,sneakers,125,39 / 40 / 41 / 42 / 43 / 44 / 45,,,,
sneaker-on-cloud-x3,On Running,On Cloud X 3,sneakers,110,39 / 40 / 41 / 42 / 43 / 44 / 45,,,,
sneaker-on-cloudnova,On Running,On Cloudnova,sneakers,115,39 / 40 / 41 / 42 / 43 / 44 / 45,,,,
sneaker-on-cloudsurfer,On Running,On Cloudsurfer,sneakers,120,39 / 40 / 41 / 42 / 43 / 44 / 45,,,,
sneaker-on-cloudtilt,On Running,On Cloudtilt,sneakers,115,39 / 40 / 41 / 42 / 43 / 44 / 45,,,,
sneaker-on-cloudrunner,On Running,On Cloudrunner,sneakers,105,39 / 40 / 41 / 42 / 43 / 44 / 45,,,,
sneaker-on-cloudeasy,On Running,On Cloudeasy,sneakers,100,39 / 40 / 41 / 42 / 43 / 44 / 45,,,,
sneaker-on-cloudspark,On Running,On Cloudspark,sneakers,95,39 / 40 / 41 / 42 / 43 / 44 / 45,,,,
sneaker-on-cloudflow,On Running,On Cloudflow,sneakers,110,39 / 40 / 41 / 42 / 43 / 44 / 45,,,,
sneaker-on-cloudflyer,On Running,On Cloudflyer,sneakers,120,39 / 40 / 41 / 42 / 43 / 44 / 45,,,,
sneaker-tn-air-max-tn,Nike TN,Nike Air Max TN,sneakers,120,39 / 40 / 41 / 42 / 43 / 44 / 45,,,,
sneaker-tn-air-max-plus,Nike TN,Nike Air Max Plus,sneakers,115,39 / 40 / 41 / 42 / 43 / 44 / 45,,,,
sneaker-tn-air-max-97,Nike TN,Nike Air Max 97,sneakers,125,39 / 40 / 41 / 42 / 43 / 44 / 45,,,,
sneaker-tn-air-max-95,Nike TN,Nike Air Max 95,sneakers,115,39 / 40 / 41 / 42 / 43 / 44 / 45,,,,
sneaker-tn-air-max-90,Nike TN,Nike Air Max 90,sneakers,105,39 / 40 / 41 / 42 / 43 / 44 / 45,,,,
sneaker-tn-air-max-270,Nike TN,Nike Air Max 270,sneakers,110,39 / 40 / 41 / 42 / 43 / 44 / 45,,,,
sneaker-tn-air-max-dn,Nike TN,Nike Air Max Dn,sneakers,125,39 / 40 / 41 / 42 / 43 / 44 / 45,,,,
sneaker-tn-air-max-1,Nike TN,Nike Air Max 1,sneakers,100,39 / 40 / 41 / 42 / 43 / 44 / 45,,,,
sneaker-tn-air-max-tn-se,Nike TN,Nike Air Max TN SE,sneakers,125,39 / 40 / 41 / 42 / 43 / 44 / 45,,,,
sneaker-tn-air-max-plus-drift,Nike TN,Nike Air Max Plus Drift,sneakers,120,39 / 40 / 41 / 42 / 43 / 44 / 45,,,,
sneaker-adidas-samba-og,Adidas,Adidas Samba OG,sneakers,105,39 / 40 / 41 / 42 / 43 / 44 / 45,,,,
sneaker-adidas-gazelle,Adidas,Adidas Gazelle,sneakers,100,39 / 40 / 41 / 42 / 43 / 44 / 45,,,,
sneaker-adidas-spezial,Adidas,Adidas Spezial,sneakers,110,39 / 40 / 41 / 42 / 43 / 44 / 45,,,,
sneaker-adidas-campus-00s,Adidas,Adidas Campus 00s,sneakers,115,39 / 40 / 41 / 42 / 43 / 44 / 45,,,,
sneaker-adidas-superstar,Adidas,Adidas Superstar,sneakers,95,39 / 40 / 41 / 42 / 43 / 44 / 45,,,,
sneaker-adidas-stan-smith,Adidas,Adidas Stan Smith,sneakers,95,39 / 40 / 41 / 42 / 43 / 44 / 45,,,,
sneaker-adidas-zx-8000,Adidas,Adidas ZX 8000,sneakers,120,39 / 40 / 41 / 42 / 43 / 44 / 45,,,,
sneaker-adidas-forum-low,Adidas,Adidas Forum Low,sneakers,105,39 / 40 / 41 / 42 / 43 / 44 / 45,,,,
sneaker-adidas-samba-xlg,Adidas,Adidas Samba XLG,sneakers,110,39 / 40 / 41 / 42 / 43 / 44 / 45,,,,
sneaker-adidas-handball-spezial,Adidas,Adidas Handball Spezial,sneakers,115,39 / 40 / 41 / 42 / 43 / 44 / 45,,,,
sneaker-dior-b23-high,Dior,Dior B23 High-Top,sneakers,185,39 / 40 / 41 / 42 / 43 / 44 / 45,,,,
sneaker-dior-b27-low,Dior,Dior B27 Low-Top,sneakers,175,39 / 40 / 41 / 42 / 43 / 44 / 45,,,,
sneaker-dior-b33,Dior,Dior B33,sneakers,180,39 / 40 / 41 / 42 / 43 / 44 / 45,,,,
sneaker-dior-walknDior,Dior,Dior Walk'n'Dior Sneaker,sneakers,190,39 / 40 / 41 / 42 / 43 / 44 / 45,,,,
sneaker-dior-b23-oblique-low,Dior,Dior B23 Oblique Low,sneakers,170,39 / 40 / 41 / 42 / 43 / 44 / 45,,,,
sneaker-dior-b27-high,Dior,Dior B27 High-Top,sneakers,180,39 / 40 / 41 / 42 / 43 / 44 / 45,,,,
sneaker-dior-d-player,Dior,Dior D-Player,sneakers,165,39 / 40 / 41 / 42 / 43 / 44 / 45,,,,
sneaker-dior-b713,Dior,Dior B713,sneakers,175,39 / 40 / 41 / 42 / 43 / 44 / 45,,,,
sneaker-dior-b33-sock,Dior,Dior B33 Sock Sneaker,sneakers,195,39 / 40 / 41 / 42 / 43 / 44 / 45,,,,
sneaker-dior-explorer,Dior,Dior Explorer Sneaker,sneakers,160,39 / 40 / 41 / 42 / 43 / 44 / 45,,,,
sneaker-lv-trainer,Louis Vuitton,LV Trainer Sneaker,sneakers,190,39 / 40 / 41 / 42 / 43 / 44 / 45,,,,
sneaker-lv-skate,Louis Vuitton,LV Skate Sneaker,sneakers,175,39 / 40 / 41 / 42 / 43 / 44 / 45,,,,
sneaker-lv-runner-tatic,Louis Vuitton,LV Runner Tatic,sneakers,180,39 / 40 / 41 / 42 / 43 / 44 / 45,,,,
sneaker-lv-trainer-maxi,Louis Vuitton,LV Trainer Maxi,sneakers,195,39 / 40 / 41 / 42 / 43 / 44 / 45,,,,
sneaker-lv-ollie,Louis Vuitton,LV Ollie Sneaker,sneakers,165,39 / 40 / 41 / 42 / 43 / 44 / 45,,,,
sneaker-lv-run-away,Louis Vuitton,LV Run Away Sneaker,sneakers,170,39 / 40 / 41 / 42 / 43 / 44 / 45,,,,
sneaker-lv-charlie,Louis Vuitton,LV Charlie Sneaker,sneakers,160,39 / 40 / 41 / 42 / 43 / 44 / 45,,,,
sneaker-lv-trainer-low,Louis Vuitton,LV Trainer Low,sneakers,175,39 / 40 / 41 / 42 / 43 / 44 / 45,,,,
sneaker-lv-frontrow,Louis Vuitton,LV Frontrow Sneaker,sneakers,185,39 / 40 / 41 / 42 / 43 / 44 / 45,,,,
sneaker-lv-time-out,Louis Vuitton,LV Time Out Sneaker,sneakers,190,39 / 40 / 41 / 42 / 43 / 44 / 45,,,,
sweat-syna-tracksuit-top,Syna World,Syna World Tracksuit Top,sweats,90,XS / S / M / L / XL,,,,
pantalon-syna-tracksuit-bottom,Syna World,Syna World Tracksuit Bottom,pantalons,80,28 / 30 / 32 / 34 / 36,,,,
sweat-syna-hoodie,Syna World,Syna World Hoodie,sweats,95,XS / S / M / L / XL,,,,
pantalon-syna-cargo,Syna World,Syna World Cargo Pant,pantalons,85,28 / 30 / 32 / 34 / 36,,,,
veste-syna-puffer,Syna World,Syna World Puffer Jacket,vestes,150,S / M / L / XL,,,,
veste-syna-bomber,Syna World,Syna World Bomber Jacket,vestes,140,S / M / L / XL,,,,
accessoire-syna-beanie,Syna World,Syna World Beanie,accessoires,35,Taille unique,,,,
accessoire-syna-cap,Syna World,Syna World Cap,accessoires,38,Taille unique,,,,
sweat-syna-crewneck,Syna World,Syna World Crewneck,sweats,85,XS / S / M / L / XL,,,,
accessoire-syna-bag,Syna World,Syna World Shoulder Bag,accessoires,48,Taille unique,,,,
sweat-denim-tears-hoodie,Denim Tears,Denim Tears Cotton Wreath Hoodie,sweats,95,XS / S / M / L / XL,,,,
pantalon-denim-tears-sweatpant,Denim Tears,Denim Tears Cotton Wreath Sweatpant,pantalons,85,28 / 30 / 32 / 34 / 36,,,,
veste-denim-tears-jacket,Denim Tears,Denim Tears Cotton Wreath Jacket,vestes,165,S / M / L / XL,,,,
veste-denim-tears-denim-jacket,Denim Tears,Denim Tears Cotton Wreath Denim Jacket,vestes,175,S / M / L / XL,,,,
sweat-denim-tears-crewneck,Denim Tears,Denim Tears Cotton Wreath Crewneck,sweats,90,XS / S / M / L / XL,,,,
pantalon-denim-tears-jean,Denim Tears,Denim Tears Cotton Wreath Jean,pantalons,95,28 / 30 / 32 / 34 / 36,,,,
accessoire-denim-tears-cap,Denim Tears,Denim Tears Cotton Wreath Cap,accessoires,45,Taille unique,,,,
accessoire-denim-tears-beanie,Denim Tears,Denim Tears Cotton Wreath Beanie,accessoires,35,Taille unique,,,,
accessoire-denim-tears-tote,Denim Tears,Denim Tears Cotton Wreath Tote,accessoires,40,Taille unique,,,,
veste-denim-tears-varsity,Denim Tears,Denim Tears Cotton Wreath Varsity Jacket,vestes,180,S / M / L / XL,,,,
sweat-hellstar-hoodie,Hellstar,Hellstar Hoodie,sweats,90,XS / S / M / L / XL,,,,
pantalon-hellstar-sweatpant,Hellstar,Hellstar Sweatpant,pantalons,80,28 / 30 / 32 / 34 / 36,,,,
sweat-hellstar-tracksuit-top,Hellstar,Hellstar Tracksuit Top,sweats,95,XS / S / M / L / XL,,,,
pantalon-hellstar-cargo,Hellstar,Hellstar Cargo Pant,pantalons,85,28 / 30 / 32 / 34 / 36,,,,
veste-hellstar-puffer,Hellstar,Hellstar Puffer Jacket,vestes,160,S / M / L / XL,,,,
veste-hellstar-varsity,Hellstar,Hellstar Varsity Jacket,vestes,155,S / M / L / XL,,,,
accessoire-hellstar-beanie,Hellstar,Hellstar Beanie,accessoires,32,Taille unique,,,,
accessoire-hellstar-cap,Hellstar,Hellstar Cap,accessoires,38,Taille unique,,,,
sweat-hellstar-crewneck,Hellstar,Hellstar Crewneck,sweats,85,XS / S / M / L / XL,,,,
accessoire-hellstar-bag,Hellstar,Hellstar Shoulder Bag,accessoires,46,Taille unique,,,,
veste-stone-island-overshirt,Stone Island,Stone Island Garment-Dyed Overshirt,vestes,190,S / M / L / XL,,,,
veste-stone-island-ghost,Stone Island,Stone Island Ghost Jacket,vestes,210,S / M / L / XL,,,,
veste-stone-island-nylon-metal,Stone Island,Stone Island Nylon Metal Jacket,vestes,220,S / M / L / XL,,,,
pantalon-stone-island-cargo,Stone Island,Stone Island Cargo Pant,pantalons,95,28 / 30 / 32 / 34 / 36,,,,
sweat-stone-island-fleece,Stone Island,Stone Island Fleece Hoodie,sweats,95,XS / S / M / L / XL,,,,
sweat-stone-island-crewneck,Stone Island,Stone Island Crewneck,sweats,90,XS / S / M / L / XL,,,,
pantalon-stone-island-short,Stone Island,Stone Island Cargo Short,pantalons,75,28 / 30 / 32 / 34 / 36,,,,
accessoire-stone-island-beanie,Stone Island,Stone Island Beanie,accessoires,38,Taille unique,,,,
accessoire-stone-island-badge-cap,Stone Island,Stone Island Shoulder Badge Cap,accessoires,45,Taille unique,,,,
accessoire-stone-island-bag,Stone Island,Stone Island Shoulder Bag,accessoires,55,Taille unique,,,,
sweat-ua-rival-fleece,Under Armour,UA Rival Fleece Hoodie,sweats,78,XS / S / M / L / XL,,,,
veste-ua-storm,Under Armour,UA Storm Jacket,vestes,130,S / M / L / XL,,,,
sweat-ua-tracksuit-top,Under Armour,UA Tracksuit Top,sweats,82,XS / S / M / L / XL,,,,
pantalon-ua-joggers,Under Armour,UA Joggers,pantalons,70,28 / 30 / 32 / 34 / 36,,,,
pantalon-ua-tech-pant,Under Armour,UA Tech Pant,pantalons,75,28 / 30 / 32 / 34 / 36,,,,
veste-ua-windbreaker,Under Armour,UA Windbreaker,vestes,110,S / M / L / XL,,,,
sweat-ua-crewneck,Under Armour,UA Crewneck,sweats,72,XS / S / M / L / XL,,,,
accessoire-ua-beanie,Under Armour,UA Beanie,accessoires,25,Taille unique,,,,
accessoire-ua-cap,Under Armour,UA Cap,accessoires,28,Taille unique,,,,
accessoire-ua-backpack,Under Armour,UA Backpack,accessoires,55,Taille unique,,,,
accessoire-gucci-cap-gg-noir,Gucci,Casquette Gucci GG Canvas Noire,accessoires,65,Taille unique,,,,
accessoire-gucci-cap-gg-beige,Gucci,Casquette Gucci GG Canvas Beige Monogramme,accessoires,65,Taille unique,,,,
accessoire-gucci-ophidia,Gucci,Sacoche Gucci Ophidia GG,accessoires,85,Taille unique,,,,
accessoire-gucci-marmont,Gucci,Sacoche Gucci GG Marmont Bandoulière,accessoires,85,Taille unique,,,,
accessoire-gucci-ceinture-noire,Gucci,Ceinture Gucci GG Buckle Noire,accessoires,75,Taille unique,,,,
accessoire-gucci-ceinture-marron,Gucci,Ceinture Gucci GG Buckle Marron,accessoires,75,Taille unique,,,,
accessoire-gucci-porte-cartes,Gucci,Porte-cartes Gucci GG Supreme,accessoires,45,Taille unique,,,,
accessoire-gucci-bob,Gucci,Bob Gucci GG Canvas,accessoires,60,Taille unique,,,,
accessoire-gucci-portefeuille,Gucci,Portefeuille Gucci GG Marmont,accessoires,70,Taille unique,,,,
accessoire-goyard-cartes-noir,Goyard,Porte-cartes Goyard Saint-Sulpice Noir,accessoires,35,Taille unique,,,,
accessoire-goyard-cartes-vert,Goyard,Porte-cartes Goyard Saint-Sulpice Vert,accessoires,35,Taille unique,,,,
accessoire-goyard-cartes-bleu,Goyard,Porte-cartes Goyard Saint-Sulpice Bleu Ciel,accessoires,35,Taille unique,,,,
accessoire-goyard-cartes-marron,Goyard,Porte-cartes Goyard Saint-Sulpice Marron,accessoires,35,Taille unique,,,,
accessoire-goyard-pochette-st-louis,Goyard,Pochette Goyard Saint-Louis,accessoires,55,Taille unique,,,,
accessoire-goyard-pochette-anjou,Goyard,Pochette Goyard Anjou Mini,accessoires,65,Taille unique,,,,
accessoire-goyard-portefeuille,Goyard,Portefeuille Goyard Matignon,accessoires,50,Taille unique,,,,
accessoire-goyard-sacoche,Goyard,Sacoche Goyard Belvedere,accessoires,75,Taille unique,,,,
accessoire-goyard-etui-passeport,Goyard,Étui Passeport Goyard,accessoires,40,Taille unique,,,,
accessoire-prada-renylon-noire,Prada,Sacoche Prada Re-Nylon Bandoulière Noire,accessoires,85,Taille unique,,,,
accessoire-prada-renylon-beige,Prada,Sacoche Prada Re-Nylon Bandoulière Beige,accessoires,85,Taille unique,,,,
accessoire-prada-bob,Prada,Bob Prada Logo Émaillé Noir,accessoires,60,Taille unique,,,,
accessoire-prada-cartes,Prada,Porte-cartes Prada Saffiano,accessoires,45,Taille unique,,,,
accessoire-prada-casquette,Prada,Casquette Prada Re-Nylon,accessoires,55,Taille unique,,,,
accessoire-prada-ceinture,Prada,Ceinture Prada Saffiano,accessoires,75,Taille unique,,,,
accessoire-prada-pochette,Prada,Pochette Prada Re-Nylon,accessoires,65,Taille unique,,,,
accessoire-prada-portefeuille,Prada,Portefeuille Prada Saffiano,accessoires,55,Taille unique,,,,
accessoire-prada-banane,Prada,Sac Banane Prada Re-Nylon,accessoires,75,Taille unique,,,,
accessoire-ch-trucker-croix,Chrome Hearts,Casquette Chrome Hearts Trucker Croix,accessoires,65,Taille unique,,,,
accessoire-ch-trucker-cheval,Chrome Hearts,Casquette Chrome Hearts Trucker Fer à Cheval,accessoires,65,Taille unique,,,,
sweat-ch-hoodie-floral,Chrome Hearts,Hoodie Chrome Hearts Zippé Floral,sweats,95,S / M / L / XL,,,,
sweat-ch-hoodie-cross,Chrome Hearts,Hoodie Chrome Hearts Cross Patch,sweats,95,S / M / L / XL,,,,
sweat-ch-tshirt-croix,Chrome Hearts,T-shirt Chrome Hearts Graphique Croix,sweats,75,S / M / L / XL,,,,
sweat-ch-tshirt-gothic,Chrome Hearts,T-shirt Chrome Hearts Gothic Logo,sweats,75,S / M / L / XL,,,,
accessoire-ch-bonnet,Chrome Hearts,Bonnet Chrome Hearts Cross,accessoires,55,Taille unique,,,,
accessoire-ch-ceinture,Chrome Hearts,Ceinture Chrome Hearts Cross,accessoires,75,Taille unique,,,,
pantalon-ch-sweatpant-floral,Chrome Hearts,Sweatpant Chrome Hearts Floral,pantalons,90,S / M / L / XL,,,,
sweat-bape-shark-camo-vert,Bape,Bape Shark Full-Zip Hoodie Camo Vert,sweats,95,S / M / L / XL,,,,
sweat-bape-shark-camo-violet,Bape,Bape Shark Full-Zip Hoodie Camo Violet,sweats,95,S / M / L / XL,,,,
sweat-bape-shark-noir,Bape,Bape Shark Full-Zip Hoodie Noir,sweats,95,S / M / L / XL,,,,
sweat-bape-college-tee,Bape,Bape College Tee,sweats,75,S / M / L / XL,,,,
sweat-bape-college-tee-camo,Bape,Bape College Tee Camo,sweats,75,S / M / L / XL,,,,
pantalon-bape-short-vert,Bape,Bape Ape Head Short Camo Vert,pantalons,80,S / M / L / XL,,,,
pantalon-bape-short-noir,Bape,Bape Ape Head Short Noir,pantalons,80,S / M / L / XL,,,,
accessoire-bape-casquette,Bape,Bape Casquette Ape Head,accessoires,55,Taille unique,,,,
accessoire-bape-bonnet,Bape,Bape Bonnet Camo,accessoires,45,Taille unique,,,,
sweat-gd-paint-tee-blanc,Gallery Dept,Gallery Dept Paint Splatter Tee Blanc,sweats,85,S / M / L / XL,,,,
sweat-gd-paint-tee-noir,Gallery Dept,Gallery Dept Paint Splatter Tee Noir,sweats,85,S / M / L / XL,,,,
sweat-gd-hoodie-inverse,Gallery Dept,Gallery Dept Hoodie Logo Inversé,sweats,95,S / M / L / XL,,,,
sweat-gd-hoodie-french,Gallery Dept,Gallery Dept French Logo Hoodie,sweats,95,S / M / L / XL,,,,
pantalon-gd-flare,Gallery Dept,Gallery Dept Flare Pant Délavé,pantalons,90,S / M / L / XL,,,,
pantalon-gd-sweatpant,Gallery Dept,Gallery Dept Sweatpant Paint Splatter,pantalons,85,S / M / L / XL,,,,
sweat-gd-la-flag-tee,Gallery Dept,Gallery Dept LA Flag Tee,sweats,80,S / M / L / XL,,,,
accessoire-gd-casquette,Gallery Dept,Gallery Dept Casquette Logo,accessoires,55,Taille unique,,,,
veste-gd-souvenir,Gallery Dept,Gallery Dept Souvenir Jacket,vestes,165,S / M / L / XL,,,,
veste-pa-track-noir,Palm Angels,Palm Angels Tracksuit Jacket Bandes Noir,vestes,145,S / M / L / XL,,,,
pantalon-pa-track-noir,Palm Angels,Palm Angels Tracksuit Pant Bandes Noir,pantalons,95,S / M / L / XL,,,,
veste-pa-track-violet,Palm Angels,Palm Angels Tracksuit Jacket Bandes Violet,vestes,145,S / M / L / XL,,,,
pantalon-pa-track-violet,Palm Angels,Palm Angels Tracksuit Pant Bandes Violet,pantalons,95,S / M / L / XL,,,,
veste-pa-track-vert,Palm Angels,Palm Angels Tracksuit Jacket Bandes Vert,vestes,145,S / M / L / XL,,,,
pantalon-pa-track-vert,Palm Angels,Palm Angels Tracksuit Pant Bandes Vert,pantalons,95,S / M / L / XL,,,,
sweat-pa-teddy,Palm Angels,Palm Angels Teddy Bear Hoodie,sweats,95,S / M / L / XL,,,,
accessoire-pa-casquette,Palm Angels,Palm Angels Casquette Logo,accessoires,55,Taille unique,,,,
sweat-pa-classic-tee,Palm Angels,Palm Angels PA Classic Tee,sweats,80,S / M / L / XL,,,,
veste-moncler-maya-noire,Moncler,Moncler Maya Doudoune Laquée Noire,vestes,195,S / M / L / XL,,,,
veste-moncler-maya-marine,Moncler,Moncler Maya Doudoune Laquée Bleu Marine,vestes,195,S / M / L / XL,,,,
veste-moncler-bormes,Moncler,Moncler Gilet Bormes Sans Manches,vestes,170,S / M / L / XL,,,,
accessoire-moncler-bonnet,Moncler,Moncler Bonnet Laine,accessoires,65,Taille unique,,,,
veste-moncler-montgenevre,Moncler,Moncler Doudoune Montgenevre,vestes,190,S / M / L / XL,,,,
veste-moncler-ottrott,Moncler,Moncler Gilet Ottrott,vestes,175,S / M / L / XL,,,,
accessoire-moncler-echarpe,Moncler,Écharpe Moncler Laine,accessoires,55,Taille unique,,,,
accessoire-moncler-casquette,Moncler,Casquette Moncler Logo,accessoires,60,Taille unique,,,,
sweat-moncler-logo,Moncler,Sweat Moncler Logo,sweats,95,S / M / L / XL,,,,
veste-cg-wyndham-black-label,Canada Goose,Canada Goose Parka Wyndham Black Label,vestes,195,S / M / L / XL,,,,
veste-cg-wyndham-ecusson,Canada Goose,Canada Goose Parka Wyndham Écusson Rouge,vestes,195,S / M / L / XL,,,,
veste-cg-macmillan,Canada Goose,Canada Goose Veste Macmillan,vestes,180,S / M / L / XL,,,,
veste-cg-freestyle,Canada Goose,Canada Goose Gilet Freestyle,vestes,160,S / M / L / XL,,,,
veste-cg-expedition,Canada Goose,Canada Goose Parka Expedition,vestes,195,S / M / L / XL,,,,
accessoire-cg-bonnet,Canada Goose,Canada Goose Bonnet Aviator,accessoires,65,Taille unique,,,,
accessoire-cg-casquette,Canada Goose,Canada Goose Casquette Logo,accessoires,60,Taille unique,,,,
accessoire-cg-gants,Canada Goose,Canada Goose Gants Cuir,accessoires,70,Taille unique,,,,
sweat-cg-logo,Canada Goose,Canada Goose Sweat Logo,sweats,95,S / M / L / XL,,,,
sweat-rl-hoodie-slim,Ralph Lauren,Ralph Lauren Hoodie Molleton Slim,sweats,90,S / M / L / XL,,,,
pantalon-rl-jogging-slim,Ralph Lauren,Ralph Lauren Jogging Molleton Slim,pantalons,85,S / M / L / XL,,,,
accessoire-rl-casquette-chino,Ralph Lauren,Ralph Lauren Casquette Chino Coton,accessoires,55,Taille unique,,,,
sweat-rl-pull-torsade-creme,Ralph Lauren,Ralph Lauren Pull Maille Torsadée Crème,sweats,95,S / M / L / XL,,,,
sweat-rl-pull-torsade-marine,Ralph Lauren,Ralph Lauren Pull Maille Torsadée Marine,sweats,95,S / M / L / XL,,,,
sweat-rl-polo-blanc,Ralph Lauren,Ralph Lauren Polo Classique Blanc,sweats,80,S / M / L / XL,,,,
sweat-rl-polo-marine,Ralph Lauren,Ralph Lauren Polo Classique Marine,sweats,80,S / M / L / XL,,,,
accessoire-rl-bonnet,Ralph Lauren,Ralph Lauren Bonnet Logo,accessoires,45,Taille unique,,,,
accessoire-rl-sacoche,Ralph Lauren,Ralph Lauren Sacoche Bandoulière,accessoires,75,Taille unique,,,,
veste-lacoste-taffetas,Lacoste,Lacoste Survêtement Taffetas Diamanté Veste,vestes,145,S / M / L / XL,,,,
pantalon-lacoste-taffetas,Lacoste,Lacoste Survêtement Taffetas Diamanté Pantalon,pantalons,95,S / M / L / XL,,,,
sweat-lacoste-polo-blanc,Lacoste,Lacoste Polo Classique Blanc,sweats,80,S / M / L / XL,,,,
sweat-lacoste-polo-marine,Lacoste,Lacoste Polo Classique Marine,sweats,80,S / M / L / XL,,,,
sweat-lacoste-polo-vert,Lacoste,Lacoste Polo Classique Vert,sweats,80,S / M / L / XL,,,,
accessoire-lacoste-sacoche,Lacoste,Lacoste Sacoche Plate Crocodile,accessoires,75,Taille unique,,,,
accessoire-lacoste-casquette,Lacoste,Lacoste Casquette Logo,accessoires,55,Taille unique,,,,
accessoire-lacoste-bonnet,Lacoste,Lacoste Bonnet Logo,accessoires,45,Taille unique,,,,
sweat-lacoste-crewneck-croc,Lacoste,Lacoste Sweat Crewneck Croc,sweats,85,S / M / L / XL,,,,
sneaker-balenciaga-track3,Balenciaga,Balenciaga Track 3 Sneaker,sneakers,175,39 / 40 / 41 / 42 / 43 / 44 / 45,,,,
sneaker-balenciaga-track3-noir,Balenciaga,Balenciaga Track 3 Sneaker Noir,sneakers,175,39 / 40 / 41 / 42 / 43 / 44 / 45,,,,
sneaker-balenciaga-3xl,Balenciaga,Balenciaga 3XL Sneaker,sneakers,185,39 / 40 / 41 / 42 / 43 / 44 / 45,,,,
sneaker-balenciaga-3xl-gris,Balenciaga,Balenciaga 3XL Sneaker Gris,sneakers,185,39 / 40 / 41 / 42 / 43 / 44 / 45,,,,
sweat-balenciaga-hoodie-logo,Balenciaga,Balenciaga Hoodie Oversize Logo Brodé,sweats,105,S / M / L / XL,,,,
sweat-balenciaga-tee-delave,Balenciaga,Balenciaga T-shirt Délavé Vintage,sweats,75,S / M / L / XL,,,,
sweat-balenciaga-tee-delave-noir,Balenciaga,Balenciaga T-shirt Délavé Vintage Noir,sweats,75,S / M / L / XL,,,,
sneaker-salomon-xt6-black-phantom,Salomon,Salomon XT-6 Black Phantom,sneakers,110,39 / 40 / 41 / 42 / 43 / 44 / 45,,,,
sneaker-salomon-xt6-vanilla-ice,Salomon,Salomon XT-6 Vanilla Ice,sneakers,110,39 / 40 / 41 / 42 / 43 / 44 / 45,,,,
sneaker-salomon-acs-pro,Salomon,Salomon ACS Pro Advanced,sneakers,115,39 / 40 / 41 / 42 / 43 / 44 / 45,,,,
sneaker-salomon-xt6-blanc,Salomon,Salomon XT-6 Blanc,sneakers,105,39 / 40 / 41 / 42 / 43 / 44 / 45,,,,
sneaker-salomon-xt4,Salomon,Salomon XT-4,sneakers,100,39 / 40 / 41 / 42 / 43 / 44 / 45,,,,
sneaker-salomon-speedcross-5,Salomon,Salomon Speedcross 5,sneakers,95,39 / 40 / 41 / 42 / 43 / 44 / 45,,,,
sneaker-margiela-gat-blanc-suede,Maison Margiela,Margiela Replica GAT Blanc/Gris Suède,sneakers,115,39 / 40 / 41 / 42 / 43 / 44 / 45,,,,
sneaker-margiela-gat-noir,Maison Margiela,Margiela Replica GAT Noir,sneakers,115,39 / 40 / 41 / 42 / 43 / 44 / 45,,,,
sneaker-margiela-gat-low-beige,Maison Margiela,Margiela Replica GAT Low Beige,sneakers,110,39 / 40 / 41 / 42 / 43 / 44 / 45,,,,
sweat-margiela-hoodie-zip-noir,Maison Margiela,Margiela Hoodie Zippé Noir,sweats,95,S / M / L / XL,,,,
sweat-margiela-hoodie-zip-ecru,Maison Margiela,Margiela Hoodie Zippé Écru,sweats,95,S / M / L / XL,,,,
sneaker-margiela-gat-high,Maison Margiela,Margiela Replica GAT High,sneakers,120,39 / 40 / 41 / 42 / 43 / 44 / 45,,,,
sneaker-yeezy-slide-onyx,Yeezy,Yeezy Slide Onyx,sneakers,50,39 / 40 / 41 / 42 / 43 / 44 / 45,,,,
sneaker-yeezy-slide-bone,Yeezy,Yeezy Slide Bone,sneakers,50,39 / 40 / 41 / 42 / 43 / 44 / 45,,,,
sneaker-yeezy-foam-runner-onyx,Yeezy,Yeezy Foam Runner Onyx,sneakers,55,39 / 40 / 41 / 42 / 43 / 44 / 45,,,,
sneaker-yeezy-350-zebra,Yeezy,Yeezy 350 V2 Zebra,sneakers,120,39 / 40 / 41 / 42 / 43 / 44 / 45,,,,
sneaker-yeezy-350-carbon,Yeezy,Yeezy 350 V2 Carbon,sneakers,115,39 / 40 / 41 / 42 / 43 / 44 / 45,,,,
sneaker-yeezy-slide-pure,Yeezy,Yeezy Slide Pure,sneakers,50,39 / 40 / 41 / 42 / 43 / 44 / 45,,,,
sneaker-yeezy-350-bone,Yeezy,Yeezy 350 V2 Bone,sneakers,115,39 / 40 / 41 / 42 / 43 / 44 / 45,,,,
mocassin-loro-piana-summer-walk-marine,Loro Piana,Loro Piana Summer Walk Bleu Marine,sneakers,165,39 / 40 / 41 / 42 / 43 / 44 / 45,,,,
mocassin-loro-piana-summer-walk-beige,Loro Piana,Loro Piana Summer Walk Beige,sneakers,165,39 / 40 / 41 / 42 / 43 / 44 / 45,,,,
mocassin-loro-piana-summer-walk-taupe,Loro Piana,Loro Piana Summer Walk Taupe,sneakers,165,39 / 40 / 41 / 42 / 43 / 44 / 45,,,,
mocassin-loro-piana-summer-walk-blanc,Loro Piana,Loro Piana Summer Walk Blanc,sneakers,170,39 / 40 / 41 / 42 / 43 / 44 / 45,,,,
mocassin-loro-piana-open-walk,Loro Piana,Loro Piana Open Walk Sneaker,sneakers,175,39 / 40 / 41 / 42 / 43 / 44 / 45,,,,
mocassin-loro-piana-summer-charms,Loro Piana,Loro Piana Summer Charms Walk,sneakers,180,39 / 40 / 41 / 42 / 43 / 44 / 45,,,,
sweat-essentials-hoodie-boxy-noir,Essentials,Essentials Hoodie Boxy Noir,sweats,80,S / M / L / XL,,,,
sweat-essentials-hoodie-boxy-oatmeal,Essentials,Essentials Hoodie Boxy Oatmeal,sweats,80,S / M / L / XL,,,,
sweat-essentials-hoodie-boxy-taupe,Essentials,Essentials Hoodie Boxy Taupe,sweats,80,S / M / L / XL,,,,
pantalon-essentials-short-noir,Essentials,Essentials Short Molleton Noir,pantalons,70,S / M / L / XL,,,,
pantalon-essentials-short-oatmeal,Essentials,Essentials Short Molleton Oatmeal,pantalons,70,S / M / L / XL,,,,
pantalon-essentials-sweatpant-taupe,Essentials,Essentials Sweatpant Taupe,pantalons,75,S / M / L / XL,,,,
sweat-palace-triferg-hoodie-noir,Palace,Palace Tri-Ferg Hoodie Noir,sweats,85,S / M / L / XL,,,,
sweat-palace-triferg-hoodie-gris,Palace,Palace Tri-Ferg Hoodie Gris,sweats,85,S / M / L / XL,,,,
sweat-palace-triferg-tee-blanc,Palace,Palace Tri-Ferg Tee Blanc,sweats,50,S / M / L / XL,,,,
sweat-palace-triferg-tee-noir,Palace,Palace Tri-Ferg Tee Noir,sweats,50,S / M / L / XL,,,,
accessoire-palace-casquette-triferg,Palace,Palace Casquette Tri-Ferg,accessoires,45,Taille unique,,,,
accessoire-palace-casquette-logo,Palace,Palace Casquette Logo,accessoires,40,Taille unique,,,,
sweat-palace-triferg-hoodie-vert,Palace,Palace Tri-Ferg Hoodie Vert,sweats,85,S / M / L / XL,,,,
pantalon-rhude-short-cordon-noir,Rhude,Rhude Short Cordon Jaune Noir,pantalons,85,S / M / L / XL,,,,
pantalon-rhude-short-cordon-gris,Rhude,Rhude Short Cordon Jaune Gris,pantalons,85,S / M / L / XL,,,,
sweat-rhude-tee-motorsport,Rhude,Rhude T-shirt Motorsport,sweats,45,S / M / L / XL,,,,
sweat-rhude-tee-vintage-racing,Rhude,Rhude T-shirt Vintage Racing,sweats,45,S / M / L / XL,,,,
pantalon-rhude-short-cordon-kaki,Rhude,Rhude Short Cordon Jaune Kaki,pantalons,85,S / M / L / XL,,,,
sweat-rhude-tee-logo-classic,Rhude,Rhude T-shirt Logo Classic,sweats,40,S / M / L / XL,,,,
sweat-cdg-play-tee-coeur-blanc,Comme des Garçons,CDG Play T-shirt Cœur Brodé Blanc,sweats,45,S / M / L / XL,,,,
sweat-cdg-play-tee-coeur-noir,Comme des Garçons,CDG Play T-shirt Cœur Brodé Noir,sweats,45,S / M / L / XL,,,,
sweat-cdg-cardigan-col-v,Comme des Garçons,CDG Cardigan Col V Laine,sweats,95,S / M / L / XL,,,,
sneaker-cdg-converse-noir,Comme des Garçons,CDG Play Converse Noir,sneakers,110,39 / 40 / 41 / 42 / 43 / 44 / 45,,,,
sneaker-cdg-converse-blanc,Comme des Garçons,CDG Play Converse Blanc,sneakers,110,39 / 40 / 41 / 42 / 43 / 44 / 45,,,,
sweat-cdg-cardigan-col-v-gris,Comme des Garçons,CDG Cardigan Col V Laine Gris,sweats,95,S / M / L / XL,,,,
sweat-cdg-play-tee-coeur-rouge,Comme des Garçons,CDG Play T-shirt Cœur Brodé Rouge,sweats,45,S / M / L / XL,,,,
